condition_band,records,machine_failure_records,observed_per_record_failure_proportion,feature
"(295.29900000000004, 298.3]",2518,53,0.021048451151707705,Air temperature [K]
"(298.3, 300.1]",2599,57,0.02193151212004617,Air temperature [K]
"(300.1, 301.5]",2441,57,0.023351085620647277,Air temperature [K]
"(301.5, 304.5]",2442,172,0.07043407043407043,Air temperature [K]
"(305.699, 308.8]",2546,63,0.02474469756480754,Process temperature [K]
"(308.8, 310.1]",2677,68,0.02540156892043332,Process temperature [K]
"(310.1, 311.1]",2481,118,0.0475614671503426,Process temperature [K]
"(311.1, 313.8]",2296,90,0.039198606271777,Process temperature [K]
"(1167.999, 1423.0]",2513,255,0.10147234381217668,Rotational speed [rpm]
"(1423.0, 1503.0]",2495,24,0.009619238476953907,Rotational speed [rpm]
"(1503.0, 1612.0]",2502,12,0.004796163069544364,Rotational speed [rpm]
"(1612.0, 2886.0]",2490,48,0.01927710843373494,Rotational speed [rpm]
"(3.799, 33.2]",2511,48,0.019115890083632018,Torque [Nm]
"(33.2, 40.1]",2516,14,0.005564387917329093,Torque [Nm]
"(40.1, 46.8]",2502,33,0.013189448441247002,Torque [Nm]
"(46.8, 76.6]",2471,244,0.09874544718737353,Torque [Nm]
"(-0.001, 53.0]",2529,55,0.021747726374060895,Tool wear [min]
"(53.0, 108.0]",2499,59,0.023609443777511004,Tool wear [min]
"(108.0, 162.0]",2476,52,0.0210016155088853,Tool wear [min]
"(162.0, 253.0]",2496,173,0.06931089743589744,Tool wear [min]
"(7.598999999999999, 9.3]",2559,171,0.0668229777256741,Temperature delta [K]
"(9.3, 9.8]",2505,57,0.022754491017964073,Temperature delta [K]
"(9.8, 11.0]",2794,65,0.023264137437365783,Temperature delta [K]
"(11.0, 12.1]",2142,46,0.021475256769374416,Temperature delta [K]
"(1148.44, 5561.184]",2501,49,0.019592163134746102,Power proxy [W]
"(5561.184, 6271.027]",2499,22,0.008803521408563426,Power proxy [W]
"(6271.027, 7003.003]",2500,45,0.018,Power proxy [W]
"(7003.003, 10469.923]",2500,223,0.0892,Power proxy [W]
